Abs,Equipment,,,,Legs,,,,,Arms,,,,,Chest,,,,,Shoulders,,,,,Back,,,,Hips/Glutes,,,,Legs + Biceps,,
Plank,,21,60,,Partial-Split Squat,,23,8,,Biceps Curl With Straight Bar,Bar,72,,,Decline barbell bench press,"Bench, bar ",118,,,Barbell shoulder press,Dumbbell/Bar,138,,,Dumbbell Row,Dumbbells,171,50,Hip extension with bent knee,Mat,197,,Lunge + bicep curl,Dumbbells,"Which muscle groups to work out together, from beginner to advanced (medicalnewstoday.com)"
Side Plank,,22,30,,Step-up,,24,,,Bicep curl dumbbells,Dumbbells,72,30,,Decline dumbbell bench press ,"Bench, dumbbells ",119,,,Seated front dumbbell shoulder press,"Bench, dumbbells ",139,30,,One-arm cable row,Cable tower,167,,Clean pull,Bar,198,,,,
High-Thigh Extensions,,23,8,,Squat Press,Dumbbells,,,,Alternating seated biceps curl with band,"Bench, band",73,,,Decline band fly,"Bench, band",120,,,Cable side deltoid raise ,Cable tower,140,,,Alternating grip chin-up,Chin-up bar,168,,Barbell duck squat,Bar,199,,,,
T-Pushup,,24,6,,Lunge Front raise,Dumbbells,,,,Double seated biceps curl with band,"Bench, band",74,,,Dips,Bench,121,,,Dumbbell side deltoid raise,Dumbbells,141,,,Chin-up,Chin-up bar,169,,Two-hand dumbbell clean,Dumbbells,200,,,,
Bicycle Manuever,,38,,,PU jack + Knee jump curl,https://www.facebook.com/reel/765540835213050?s=yWDuG2&fs=e&mibextid=Nif5oz,,,,Alternating standing biceps curl with band,Band,74,,,Flat barbell bench press ,"Bench, bar ",122,,,Incline side deltoid raise,"Bench, band",142,,,One-arm dumbbell row,"Dumbbell, bench",170,,One-arm dumbbell snatch,Dumbbell,202,,,,
Ab Rotation,Cable Tower,37,,,Barbell hack squat,Bar,218,,,Cable curl with straight bar,"Cabe tower, bar",75,,,Flat dumbbell bench press ,"Bench, dumbbells ",122,,,Band side deltoid raise,Cable tower,142,,,One-arm tubing row,Band,172,,Alternating lunge,,203,,,,
Ball Forward Crunch,Ball,37,,,Barbell squat,Bar,220,,,Cable curl with ez bar ,"Cable tower, ez bar",76,,,Flat band fly,"Bench, band",123,,,Barbell upright row,Bar,144,,,Pull-up,Chin-up bar,173,,Lateral lunge,,204,,,,
Cable crunch,Cable tower,39,,,Stepup,Bench/Dumbbells,221,,,Cable concentration curl,"Cable tower, bench",77,,,Incline barbell benchpress,"Bench, bar",124,,,Cable upright row,"Cable tower, t-handle",145,,,Pulldown,Tower,174,,Stationary lunge/Split squat,,205,,,,
Cable curlup,Cable tower,40,,,Bulgarian split squat,Bench/Dumbbells,222,,,Dumbbell Concentration Curl,,78,30,,Incline dumbbell bench press,"Bench, dumbbells ",125,,,Dumbbell upright row,Dumbbells,146,,,Cable pullover,"Tower, bench",175,,Walking lunge,,206,,,,
Cable side bend,Cable tower,40,,,Dumbbell squat,Dumbbell,223,,,Band concentration curl,"Bench, band",78,,,Incline band fly,"Bench, band ",126,,,Seated dumbbell bent laterals ,"Bench, dumbbells ",147,,,Seated row,Tower,176,,Double leg supine hip lift on floor,,206,,,,
Cable side crunch,Cable tower,41,,,Front squat,Bar,224,,,Alternating Seated Dumbbell Curl,"Bench, dumbbells",79,,,Floor pushup ,,127,6,,Standing bent over lateral raise with band,Band,149,,,Barbell T-bar row,Dumbbells,176,,Romanian deadlift,Bar/Dumbbells,208,,,,
Curlup,,42,,,Lateral barbell squat,Bar,226,,,Double Seated Dumbbell Curl,"Bench, dumbbells",80,,,One-hand pushup ,,128,,,Barbell shrug ,Bar,151,,,Row with tubing,Band,178,,Snatch pull,Bar/Dumbbells,210,,,,
Dumbbell Side Bend,Dumbbell ,43,,,Lateral stepup,Bench/Dumbbells,228,,,Alternating Standing Dumbbell Curl,,80,,,Stability ball pushup ,Ball,129,,,Cable shrug ,Cable tower,152,,,Back hyperextension,Ball,178,,,,,,,,
Elbow Bridge,,44,,,Partial-Split Squat,,230,,,Double Standing Dumbbell Curl,,81,,,T pushup,,130,,,Dumbbell shrug ,Dumbbells,153,,,Deadlift,Dumbbells,180,,,,,,,,
Forward ball roll,Ball,45,,,Single leg squat,Bench,232,,,Alternating Seated Hammer Curl,,81,,,Pike to Inc. Pushup,,,,,Cable neck flexion,Bench,155,,,One-arm dumbbell deadlift between the legs,Dumbbell,182,,,,,,,,
Hanging knee raise,Pullup bar ,45,,,Stiff-leg deadlift,Bar,237,,,Double Seated Hammer Curl,,82,,,Ball pushup,Ball,,,,Weighted neck lateral flexion,Dumbbell ,156,,,Romanian deadlift,Dumbbells,184,,,,,,,,
Hanging knee crossover ,Pullup bar ,47,,,Supine leg curl on stability ball,Ball,238,,,Alternating Standing Hammer Curl,,82,,,,,,,,Weighted neck extension ,"Bench, weight",158,,,Stiff leg deadlift,Dumbbells,185,,,,,,,,
Hanging leg raise,Pullup bar,48,,,Tubing leg curl,Bench/Bands,239,,,Double Standing Hammer Curl,,83,,,,,,,,,,,,,Good morning,Bar,186,,,,,,,,
Hip Raise,,48,,,Heel raise,Step/Dumbbells,241,,,Alternating Incline Dumbbell Curl,,84,,,,,,,,,,,,,Reverse back hyperextension,Ball,187,,,,,,,,
Hip Roll,,49,,,One leg foot balance,,,,,Double Incline Dumbbell Curl,,84,,,,,,,,,,,,,Toe touch,Dumbbell,187,,,,,,,,
Jackknife Knee to Chest,,50,,,Single leg heel raise,Step/Dumbbells,245,,,Band incline curl,"Bench, band",85,,,,,,,,,,,,,,,,,,,,,,,
Long arm crunch,,50,,,Barbell seated heel raise,Bench/Dumbbells,247,,,Barbell Reverse-Grip Curl,Bar,89,,,,,,,,,,,,,,,,,,,,,,,
Lying Leg Raise,,51,,,Ankle flexion with tubing,Bands,250,,,Cable reverse-grip curl,"Cable tower, bar",90,,,,,,,,,,,,,,,,,,,,,,,
Negative situp,"Bench, Bands",52,,,Ankle flexion with weight plate,"Bench, Weight Plate",250,,,Close-grip bench press,"Bench, bar ",90,,,,,,,,,,,,,,,,,,,,,,,
One-arm rotation,Cable tower,53,,,Heel walk,,251,,,Dips,,91,,,,,,,,,,,,,,,,,,,,,,,
One-legged anterior reach,Cable tower,54,,,,,,,,Cable kickback,Cable tower,92,,,,,,,,,,,,,,,,,,,,,,,
Reverse Crunch,,55,,,,,,,,Single-arm dumbbell kickback,Bench,93,,,,,,,,,,,,,,,,,,,,,,,
Rowing Crunch,Bench,56,,,,,,,,Single-Arm Dumbbell Lying Cross-Shoulder Triceps Extension,,94,,,,,,,,,,,,,,,,,,,,,,,
Russian Twist,,57,,,,,,,,Barbell Decline Lying Triceps Extension,,94,,,,,,,,,,,,,,,,,,,,,,,
Russian twist on ball,Ball,58,,,,,,,,Barbell Incline Lying Triceps Extension,,95,,,,,,,,,,,,,,,,,,,,,,,
Side-Lying Hip Lift,,58,,,,,,,,Barbell Lying Triceps Extension,,96,,,,,,,,,,,,,,,,,,,,,,,
Stability ball crunch,Ball,59,,,,,,,,Cable lying triceps extension ,Cable tower,97,,,,,,,,,,,,,,,,,,,,,,,
Straight-Arm Bar Rollout,Bar,60,,,,,,,,Double Dumbbell Lying Triceps Extension,,98,,,,,,,,,,,,,,,,,,,,,,,
Trunk Rotation,,60,,,,,,,,Seated One-Arm Dumbbell Triceps Extension,,98,,,,,,,,,,,,,,,,,,,,,,,
Trunk rotation with cable,Cable tower,61,,,,,,,,Band lying triceps extension ,"Bench, band",99,,,,,,,,,,,,,,,,,,,,,,,
Trunk Twist,Bench,62,,,,,,,,One-arm cable triceps extension ,Cable tower,100,,,,,,,,,,,,,,,,,,,,,,,
Trunk Twist With Dumbbells,"Bench, dumbbell ",63,,,,,,,,Barbell Seated Overhead Triceps Extension,,100,,,,,,,,,,,,,,,,,,,,,,,
Vertical Leg Crunch,,64,,,,,,,,Dumbbell Seated Overhead Triceps Extension,,101,,,,,,,,,,,,,,,,,,,,,,,
Weight Curlup,,64,,,,,,,,Cable pushdown,"Cable tower, short bar",102,,,,,,,,,,,,,,,,,,,,,,,
Wood chop,Cable tower,,,,,,,,,Reverse-grip cable pushdown ,"Cable tower, short bar",103,,,,,,,,,,,,,,,,,,,,,,,
Sit-ups,,,,,,,,,,Reverse Dip,Bench,104,,,,,,,,,,,,,,,,,,,,,,,
,,,,,,,,,,Barbell Forearm Curl,"Bench, bar",104,,,,,,,,,,,,,,,,,,,,,,,
,,,,,,,,,,Cable forearm curl,"Cable tower, bench",105,,,,,,,,,,,,,,,,,,,,,,,
,,,,,,,,,,Dumbbell Forearm Curl,,106,,,,,,,,,,,,,,,,,,,,,,,
,,,,,,,,,,Band forearm curl,"Bench, band",106,,,,,,,,,,,,,,,,,,,,,,,
,,,,,,,,,,Barbell Reverse Forearm Curl,,107,,,,,,,,,,,,,,,,,,,,,,,
,,,,,,,,,,Cable reverse forearm curl,"Cable tower, bench",108,,,,,,,,,,,,,,,,,,,,,,,
,,,,,,,,,,Dumbbell Reverse Forearm Curl,,108,,,,,,,,,,,,,,,,,,,,,,,
,,,,,,,,,,Band reverse forearm curl,"Bench, band",109,,,,,,,,,,,,,,,,,,,,,,,
,,,,,,,,,,Reverse Wrist Raise,Dumbbell,110,,,,,,,,,,,,,,,,,,,,,,,
,,,,,,,,,,Wrist Raise,Dumbbell ,110,,,,,,,,,,,,,,,,,,,,,,,
,,,,,,,,,,Wrist roller,String,111,,,,,,,,,,,,,,,,,,,,,,,